Date,Airline,Destination,Departure Delay,Arrival Delay,Status,Month
2024-01-01,AnadoluJet,Berlin,12.7,0.0,On Time,1
2024-01-01,SunExpress,Paris,0.0,10.3,Delayed,1
2024-01-01,Turkish Airlines,Ankara,15.7,0.0,On Time,1
2024-01-01,AnadoluJet,Ankara,19.2,27.2,On Time,1
2024-01-01,AnadoluJet,Ankara,18.4,13.6,On Time,1
2024-01-01,SunExpress,London,26.2,0.0,On Time,1
2024-01-01,Turkish Airlines,Trabzon,22.5,5.8,On Time,1
2024-01-01,Turkish Airlines,London,16.9,0.0,On Time,1
2024-01-01,AnadoluJet,Trabzon,8.9,18.4,On Time,1
2024-01-01,Pegasus,Amsterdam,0.0,38.8,On Time,1
2024-01-01,AnadoluJet,London,16.4,0.0,On Time,1
2024-01-01,AnadoluJet,London,13.1,14.3,Delayed,1
2024-01-01,AnadoluJet,Berlin,14.1,8.8,On Time,1
2024-01-01,AnadoluJet,Antalya,0.0,25.4,On Time,1
2024-01-01,SunExpress,London,0.0,16.3,Delayed,1
2024-01-01,Turkish Airlines,Berlin,25.8,0.0,On Time,1
2024-01-01,SunExpress,Izmir,9.4,5.6,On Time,1
2024-01-01,SunExpress,Antalya,20.2,0.0,On Time,1
2024-01-01,SunExpress,Amsterdam,10.4,33.5,On Time,1
2024-01-01,AnadoluJet,London,10.4,12.4,On Time,1
2024-01-01,Pegasus,Paris,24.1,50.0,Delayed,1
2024-01-01,Turkish Airlines,Ankara,2.3,10.8,On Time,1
2024-01-01,Pegasus,Izmir,11.4,0.0,On Time,1
2024-01-01,SunExpress,Izmir,3.1,0.0,On Time,1
2024-01-02,SunExpress,Amsterdam,3.5,0.0,On Time,1
2024-01-02,Pegasus,Berlin,5.4,0.0,On Time,1
2024-01-02,Pegasus,Izmir,13.3,17.3,On Time,1
2024-01-02,Pegasus,Antalya,2.8,22.2,On Time,1
2024-01-02,SunExpress,London,28.8,0.0,On Time,1
2024-01-02,SunExpress,London,0.0,29.9,On Time,1
2024-01-02,Turkish Airlines,Paris,7.2,2.3,On Time,1
2024-01-02,Turkish Airlines,Amsterdam,3.4,14.9,Delayed,1
2024-01-02,SunExpress,Ankara,31.7,44.2,On Time,1
2024-01-02,Pegasus,Berlin,12.9,29.9,On Time,1
2024-01-02,Pegasus,Ankara,25.5,6.6,On Time,1
2024-01-02,Turkish Airlines,Izmir,0.0,0.0,Delayed,1
2024-01-02,SunExpress,Amsterdam,14.0,0.0,On Time,1
2024-01-02,Turkish Airlines,Paris,23.3,0.0,On Time,1
2024-01-02,Turkish Airlines,Ankara,11.2,7.8,Delayed,1
2024-01-02,AnadoluJet,Antalya,26.0,0.0,Delayed,1
2024-01-02,AnadoluJet,London,2.2,9.4,On Time,1
2024-01-02,AnadoluJet,Izmir,31.1,13.5,On Time,1
2024-01-02,Pegasus,Paris,44.5,7.5,Delayed,1
2024-01-02,SunExpress,Ankara,4.6,0.0,Cancelled,1
2024-01-02,SunExpress,Berlin,3.3,15.4,Delayed,1
2024-01-02,SunExpress,Antalya,31.8,20.8,On Time,1
2024-01-02,SunExpress,Antalya,33.7,0.0,On Time,1
2024-01-02,AnadoluJet,Ankara,2.2,40.2,On Time,1
2024-01-03,Pegasus,London,3.7,10.0,Delayed,1
2024-01-03,Pegasus,Ankara,5.8,12.4,On Time,1
2024-01-03,AnadoluJet,Izmir,0.0,26.2,On Time,1
2024-01-03,Pegasus,Ankara,0.0,16.7,Delayed,1
2024-01-03,AnadoluJet,Antalya,0.0,31.1,On Time,1
2024-01-03,SunExpress,Paris,0.0,17.7,Delayed,1
2024-01-03,AnadoluJet,Ankara,9.5,0.0,On Time,1
2024-01-03,SunExpress,London,13.5,19.2,On Time,1
2024-01-03,SunExpress,Amsterdam,33.3,0.0,On Time,1
2024-01-03,Turkish Airlines,Paris,0.0,14.2,Delayed,1
2024-01-03,AnadoluJet,Berlin,24.8,11.3,On Time,1
2024-01-03,Turkish Airlines,Trabzon,6.8,7.8,On Time,1
2024-01-03,AnadoluJet,Ankara,9.3,9.4,Cancelled,1
2024-01-03,AnadoluJet,London,20.1,0.0,On Time,1
2024-01-03,Turkish Airlines,Paris,0.0,1.0,On Time,1
2024-01-03,Turkish Airlines,London,15.7,13.9,On Time,1
2024-01-03,AnadoluJet,Berlin,12.5,15.2,On Time,1
2024-01-03,Pegasus,Antalya,17.4,0.0,On Time,1
2024-01-03,SunExpress,London,14.3,37.3,On Time,1
2024-01-03,Turkish Airlines,Paris,46.8,0.0,On Time,1
2024-01-03,SunExpress,London,0.4,31.4,On Time,1
2024-01-03,Pegasus,London,2.0,20.5,On Time,1
2024-01-03,Pegasus,London,0.7,0.0,On Time,1
2024-01-03,Pegasus,Izmir,1.7,47.5,On Time,1
2024-01-04,Turkish Airlines,Izmir,0.4,0.0,On Time,1
2024-01-04,Pegasus,Antalya,27.8,30.4,On Time,1
2024-01-04,Turkish Airlines,Ankara,31.3,32.0,On Time,1
2024-01-04,Pegasus,London,1.4,0.0,On Time,1
2024-01-04,SunExpress,Berlin,0.0,39.8,Delayed,1
2024-01-04,SunExpress,Ankara,17.1,7.0,On Time,1
2024-01-04,AnadoluJet,Berlin,1.7,17.8,Delayed,1
2024-01-04,SunExpress,Ankara,19.5,17.2,Cancelled,1
2024-01-04,AnadoluJet,Antalya,13.0,9.3,On Time,1
2024-01-04,SunExpress,London,0.0,28.2,On Time,1
2024-01-04,Turkish Airlines,London,33.2,27.9,On Time,1
2024-01-04,SunExpress,Trabzon,36.9,0.0,Delayed,1
2024-01-04,AnadoluJet,Berlin,0.8,38.1,On Time,1
2024-01-04,AnadoluJet,Ankara,4.2,0.0,On Time,1
2024-01-04,Pegasus,Ankara,14.3,32.7,On Time,1
2024-01-04,Turkish Airlines,Amsterdam,15.0,34.5,Delayed,1
2024-01-04,SunExpress,Amsterdam,19.9,0.0,Delayed,1
2024-01-04,Pegasus,Izmir,40.2,3.8,On Time,1
2024-01-04,SunExpress,Trabzon,7.3,0.0,On Time,1
2024-01-04,SunExpress,Paris,0.0,7.7,On Time,1
2024-01-04,Pegasus,Amsterdam,0.0,5.8,On Time,1
2024-01-04,Pegasus,Paris,0.0,27.6,Delayed,1
2024-01-04,Pegasus,Izmir,9.5,38.2,On Time,1
2024-01-04,Pegasus,Izmir,36.9,39.9,On Time,1
2024-01-05,Pegasus,Izmir,2.2,0.8,On Time,1
2024-01-05,SunExpress,Berlin,13.4,7.8,Delayed,1
2024-01-05,Pegasus,Berlin,9.8,0.0,Delayed,1
2024-01-05,Turkish Airlines,Antalya,27.8,0.0,On Time,1
2024-01-05,AnadoluJet,Antalya,47.9,31.3,Delayed,1
2024-01-05,Pegasus,Izmir,2.0,44.3,On Time,1
2024-01-05,Pegasus,Trabzon,2.7,0.0,On Time,1
2024-01-05,SunExpress,Ankara,25.7,0.2,On Time,1
2024-01-05,Pegasus,Berlin,20.2,11.5,On Time,1
2024-01-05,Pegasus,Trabzon,37.7,17.6,On Time,1
2024-01-05,Pegasus,London,18.8,0.0,Delayed,1
2024-01-05,SunExpress,Berlin,4.6,20.5,On Time,1
2024-01-05,Pegasus,Berlin,18.9,2.5,On Time,1
2024-01-05,AnadoluJet,Antalya,26.6,11.7,On Time,1
2024-01-05,SunExpress,Ankara,22.3,22.9,On Time,1
2024-01-05,AnadoluJet,Ankara,17.6,12.1,Delayed,1
2024-01-05,SunExpress,Amsterdam,26.0,3.3,On Time,1
2024-01-05,Pegasus,Paris,27.5,9.8,On Time,1
2024-01-05,AnadoluJet,Paris,30.7,10.2,Delayed,1
2024-01-05,SunExpress,Paris,19.7,4.6,On Time,1
2024-01-05,Turkish Airlines,Paris,7.5,6.8,On Time,1
2024-01-05,Pegasus,London,12.2,44.0,On Time,1
2024-01-05,SunExpress,London,28.1,23.2,On Time,1
2024-01-05,Turkish Airlines,Berlin,0.0,6.1,Cancelled,1
2024-01-06,SunExpress,Izmir,15.5,25.9,Delayed,1
2024-01-06,Turkish Airlines,Antalya,4.1,5.3,On Time,1
2024-01-06,Pegasus,Antalya,10.4,35.5,Delayed,1
2024-01-06,AnadoluJet,Paris,29.2,19.4,On Time,1
2024-01-06,Turkish Airlines,Berlin,12.9,9.9,On Time,1
2024-01-06,SunExpress,Amsterdam,10.7,21.0,On Time,1
2024-01-06,Pegasus,Trabzon,0.0,0.0,On Time,1
2024-01-06,Turkish Airlines,Izmir,21.2,0.0,On Time,1
2024-01-06,SunExpress,Berlin,19.7,0.0,On Time,1
2024-01-06,SunExpress,Izmir,42.4,14.9,Delayed,1
2024-01-06,SunExpress,Izmir,5.4,46.7,On Time,1
2024-01-06,Turkish Airlines,Izmir,13.3,56.6,On Time,1
2024-01-06,Turkish Airlines,Berlin,13.7,24.8,On Time,1
2024-01-06,Turkish Airlines,Paris,33.7,22.0,On Time,1
2024-01-06,AnadoluJet,Antalya,8.6,0.0,On Time,1
2024-01-06,Turkish Airlines,Antalya,14.2,1.1,On Time,1
2024-01-06,Turkish Airlines,Paris,19.1,0.0,Delayed,1
2024-01-06,Turkish Airlines,Izmir,12.8,0.0,On Time,1
2024-01-06,AnadoluJet,Trabzon,3.3,8.6,On Time,1
2024-01-06,Turkish Airlines,Ankara,12.9,2.6,On Time,1
2024-01-06,SunExpress,Berlin,26.1,0.0,On Time,1
2024-01-06,Turkish Airlines,Ankara,0.0,27.0,On Time,1
2024-01-06,SunExpress,Amsterdam,12.0,0.0,Delayed,1
2024-01-06,SunExpress,Paris,0.0,16.8,On Time,1
2024-01-07,SunExpress,Trabzon,27.9,53.5,On Time,1
2024-01-07,AnadoluJet,Berlin,0.0,0.0,On Time,1
2024-01-07,AnadoluJet,Paris,1.6,0.0,On Time,1
2024-01-07,AnadoluJet,Izmir,15.7,6.3,On Time,1
2024-01-07,Turkish Airlines,Antalya,33.5,34.0,Delayed,1
2024-01-07,SunExpress,Ankara,9.0,51.2,On Time,1
2024-01-07,AnadoluJet,London,1.7,0.0,Delayed,1
2024-01-07,AnadoluJet,London,38.2,21.9,On Time,1
2024-01-07,Turkish Airlines,Trabzon,0.0,2.7,Delayed,1
2024-01-07,AnadoluJet,Izmir,0.0,9.9,On Time,1
2024-01-07,Turkish Airlines,Amsterdam,16.6,64.9,On Time,1
2024-01-07,Pegasus,Ankara,2.5,0.0,On Time,1
2024-01-07,AnadoluJet,Izmir,0.0,17.1,Delayed,1
2024-01-07,Pegasus,Ankara,20.6,21.4,On Time,1
2024-01-07,Turkish Airlines,Trabzon,13.7,33.7,On Time,1
2024-01-07,SunExpress,Trabzon,1.5,14.0,On Time,1
2024-01-07,AnadoluJet,Amsterdam,0.0,18.2,Delayed,1
2024-01-07,Turkish Airlines,London,23.1,4.2,On Time,1
2024-01-07,SunExpress,Izmir,19.8,17.4,Delayed,1
2024-01-07,SunExpress,Berlin,8.5,5.1,On Time,1
2024-01-07,Pegasus,London,37.7,24.4,On Time,1
2024-01-07,Turkish Airlines,Izmir,0.0,4.6,On Time,1
2024-01-07,SunExpress,London,0.0,19.5,Cancelled,1
2024-01-07,AnadoluJet,Berlin,0.0,11.4,On Time,1
2024-01-08,AnadoluJet,Antalya,9.3,34.5,Delayed,1
2024-01-08,Pegasus,Antalya,13.7,11.0,On Time,1
2024-01-08,SunExpress,Amsterdam,6.4,0.0,On Time,1
2024-01-08,Turkish Airlines,Antalya,15.3,37.2,On Time,1
2024-01-08,AnadoluJet,Antalya,0.0,0.0,On Time,1
2024-01-08,SunExpress,Paris,31.7,0.0,Delayed,1
2024-01-08,SunExpress,Ankara,8.8,0.1,Delayed,1
2024-01-08,Pegasus,Paris,26.8,39.5,Delayed,1
2024-01-08,AnadoluJet,Paris,15.1,0.0,Delayed,1
2024-01-08,AnadoluJet,Amsterdam,16.9,74.8,On Time,1
2024-01-08,Turkish Airlines,Paris,18.5,33.1,On Time,1
2024-01-08,AnadoluJet,Antalya,16.7,16.5,Cancelled,1
2024-01-08,Turkish Airlines,Berlin,19.6,10.9,On Time,1
2024-01-08,AnadoluJet,Amsterdam,29.9,17.7,Delayed,1
2024-01-08,Pegasus,Amsterdam,12.9,22.4,Delayed,1
2024-01-08,AnadoluJet,Trabzon,20.6,24.9,On Time,1
2024-01-08,Turkish Airlines,Amsterdam,8.7,23.1,Cancelled,1
2024-01-08,Turkish Airlines,Trabzon,31.6,13.8,On Time,1
2024-01-08,Pegasus,Amsterdam,0.0,8.1,On Time,1
2024-01-08,AnadoluJet,Ankara,37.0,9.0,On Time,1
2024-01-08,AnadoluJet,Antalya,9.4,8.1,On Time,1
2024-01-08,Pegasus,Amsterdam,0.0,34.7,On Time,1
2024-01-08,AnadoluJet,Antalya,11.9,23.9,On Time,1
2024-01-08,AnadoluJet,Antalya,0.0,0.0,Delayed,1
2024-01-09,Turkish Airlines,London,22.6,25.1,Delayed,1
2024-01-09,AnadoluJet,Amsterdam,0.2,15.9,On Time,1
2024-01-09,AnadoluJet,Izmir,3.3,11.6,On Time,1
2024-01-09,Pegasus,London,0.0,4.2,Delayed,1
2024-01-09,Pegasus,Izmir,3.2,34.5,On Time,1
2024-01-09,SunExpress,Antalya,0.0,31.0,On Time,1
2024-01-09,Turkish Airlines,Antalya,0.0,0.0,On Time,1
2024-01-09,AnadoluJet,London,21.4,20.1,On Time,1
2024-01-09,AnadoluJet,London,21.8,0.0,On Time,1
2024-01-09,SunExpress,Izmir,16.4,0.0,Cancelled,1
2024-01-09,AnadoluJet,Trabzon,0.0,0.0,On Time,1
2024-01-09,Turkish Airlines,Izmir,9.3,29.2,On Time,1
2024-01-09,SunExpress,London,9.9,31.1,On Time,1
2024-01-09,Turkish Airlines,Berlin,0.0,22.3,On Time,1
2024-01-09,SunExpress,London,32.6,26.5,On Time,1
2024-01-09,SunExpress,Berlin,23.2,22.3,Delayed,1
2024-01-09,Pegasus,Ankara,6.7,0.0,Delayed,1
2024-01-09,Turkish Airlines,London,10.4,20.6,On Time,1
2024-01-09,AnadoluJet,Ankara,13.1,28.0,Delayed,1
2024-01-09,AnadoluJet,Trabzon,0.0,27.1,Delayed,1
2024-01-09,Turkish Airlines,Izmir,6.3,35.8,Delayed,1
2024-01-09,AnadoluJet,Berlin,0.0,26.2,On Time,1
2024-01-09,AnadoluJet,Izmir,0.0,19.0,On Time,1
2024-01-09,Turkish Airlines,Ankara,5.8,33.4,On Time,1
2024-01-10,SunExpress,Berlin,37.0,11.5,On Time,1
2024-01-10,Turkish Airlines,Izmir,19.6,0.0,On Time,1
2024-01-10,SunExpress,London,1.4,8.7,On Time,1
2024-01-10,AnadoluJet,Antalya,18.6,0.0,Delayed,1
2024-01-10,AnadoluJet,Ankara,31.0,0.0,Delayed,1
2024-01-10,AnadoluJet,Izmir,23.9,9.1,Delayed,1
2024-01-10,Pegasus,Ankara,10.9,0.0,On Time,1
2024-01-10,SunExpress,Paris,0.3,5.8,On Time,1
2024-01-10,Pegasus,Ankara,20.5,0.0,On Time,1
2024-01-10,Pegasus,Berlin,15.9,16.3,On Time,1
2024-01-10,Turkish Airlines,Paris,23.4,12.0,On Time,1
2024-01-10,Pegasus,Amsterdam,19.5,0.0,On Time,1
2024-01-10,Turkish Airlines,Berlin,25.7,25.2,On Time,1
2024-01-10,Turkish Airlines,Antalya,2.0,30.8,Delayed,1
2024-01-10,Pegasus,Paris,29.8,0.0,On Time,1
2024-01-10,SunExpress,Amsterdam,13.0,0.0,Delayed,1
2024-01-10,SunExpress,London,41.1,0.0,On Time,1
2024-01-10,SunExpress,Ankara,0.0,0.0,On Time,1
2024-01-10,SunExpress,Izmir,36.0,28.6,On Time,1
2024-01-10,SunExpress,Trabzon,13.0,8.1,On Time,1
2024-01-10,Pegasus,Ankara,0.2,6.7,On Time,1
2024-01-10,Pegasus,Amsterdam,2.7,0.0,On Time,1
2024-01-10,AnadoluJet,Ankara,5.2,24.7,On Time,1
2024-01-10,SunExpress,Antalya,16.4,0.0,On Time,1
2024-01-11,Pegasus,London,17.8,13.2,On Time,1
2024-01-11,AnadoluJet,Trabzon,1.4,17.5,Delayed,1
2024-01-11,SunExpress,Paris,9.6,39.2,On Time,1
2024-01-11,Turkish Airlines,Paris,42.1,0.0,Delayed,1
2024-01-11,AnadoluJet,Paris,35.9,0.0,On Time,1
2024-01-11,Pegasus,Amsterdam,16.5,15.7,Delayed,1
2024-01-11,Turkish Airlines,Berlin,10.6,48.0,Delayed,1
2024-01-11,Turkish Airlines,Berlin,11.8,36.8,On Time,1
2024-01-11,Turkish Airlines,Izmir,19.2,16.2,On Time,1
2024-01-11,AnadoluJet,Trabzon,0.0,2.2,Delayed,1
2024-01-11,Pegasus,Paris,6.1,28.1,On Time,1
2024-01-11,Turkish Airlines,Berlin,0.0,0.0,On Time,1
2024-01-11,SunExpress,Amsterdam,16.0,21.5,On Time,1
2024-01-11,Turkish Airlines,Izmir,19.7,22.1,Delayed,1
2024-01-11,Turkish Airlines,London,2.8,33.2,Delayed,1
2024-01-11,AnadoluJet,Izmir,33.6,67.2,On Time,1
2024-01-11,AnadoluJet,Berlin,0.0,19.8,On Time,1
2024-01-11,Pegasus,Antalya,0.0,1.8,On Time,1
2024-01-11,SunExpress,Amsterdam,13.4,11.5,On Time,1
2024-01-11,AnadoluJet,Antalya,25.7,0.0,Cancelled,1
2024-01-11,Turkish Airlines,Paris,35.3,0.0,On Time,1
2024-01-11,Pegasus,Antalya,3.1,3.8,On Time,1
2024-01-11,Turkish Airlines,Paris,26.2,1.5,On Time,1
2024-01-11,Turkish Airlines,Paris,9.4,15.0,Delayed,1
2024-01-12,AnadoluJet,Berlin,7.4,0.0,On Time,1
2024-01-12,Pegasus,Antalya,23.3,34.4,On Time,1
2024-01-12,SunExpress,Paris,19.8,12.0,On Time,1
2024-01-12,SunExpress,Trabzon,0.0,11.8,On Time,1
2024-01-12,AnadoluJet,London,32.1,5.4,On Time,1
2024-01-12,AnadoluJet,Izmir,30.7,15.1,On Time,1
2024-01-12,Pegasus,Izmir,0.6,28.5,On Time,1
2024-01-12,SunExpress,Berlin,15.9,0.0,Delayed,1
2024-01-12,SunExpress,Antalya,17.4,0.0,Delayed,1
2024-01-12,SunExpress,Antalya,13.9,5.9,Cancelled,1
2024-01-12,Turkish Airlines,Paris,1.7,0.0,On Time,1
2024-01-12,SunExpress,Amsterdam,0.0,0.0,Cancelled,1
2024-01-12,Turkish Airlines,Ankara,9.6,2.5,On Time,1
2024-01-12,Pegasus,Paris,27.6,29.5,On Time,1
2024-01-12,Turkish Airlines,London,18.2,17.3,On Time,1
2024-01-12,Pegasus,Trabzon,4.4,15.9,On Time,1
2024-01-12,SunExpress,Izmir,21.6,29.0,On Time,1
2024-01-12,SunExpress,Paris,0.0,9.3,On Time,1
2024-01-12,Pegasus,Ankara,27.2,19.8,On Time,1
2024-01-12,AnadoluJet,Ankara,0.0,9.9,On Time,1
2024-01-12,Pegasus,Paris,4.6,17.3,On Time,1
2024-01-12,AnadoluJet,Berlin,0.0,0.3,On Time,1
2024-01-12,Turkish Airlines,Izmir,0.0,0.0,On Time,1
2024-01-12,Turkish Airlines,Berlin,27.4,9.3,Delayed,1
2024-01-13,Turkish Airlines,Trabzon,3.0,40.5,Delayed,1
2024-01-13,SunExpress,Ankara,15.2,30.5,On Time,1
2024-01-13,Turkish Airlines,Ankara,9.3,31.3,On Time,1
2024-01-13,AnadoluJet,London,17.2,36.7,On Time,1
2024-01-13,Turkish Airlines,Trabzon,11.2,13.8,Delayed,1
2024-01-13,Pegasus,Ankara,0.0,15.9,On Time,1
2024-01-13,Pegasus,Trabzon,24.9,0.0,On Time,1
2024-01-13,SunExpress,Izmir,2.6,5.7,On Time,1
2024-01-13,Pegasus,Antalya,0.0,24.3,On Time,1
2024-01-13,AnadoluJet,Ankara,3.6,36.1,On Time,1
2024-01-13,Turkish Airlines,London,32.5,9.2,Delayed,1
2024-01-13,SunExpress,Izmir,22.8,3.0,On Time,1
2024-01-13,Turkish Airlines,Paris,4.8,12.0,On Time,1
2024-01-13,Turkish Airlines,Trabzon,4.8,24.0,Delayed,1
2024-01-13,AnadoluJet,Paris,5.2,0.0,Delayed,1
2024-01-13,Pegasus,Berlin,41.2,0.0,On Time,1
2024-01-13,Pegasus,Izmir,15.7,1.0,On Time,1
2024-01-13,Turkish Airlines,Paris,16.5,0.0,On Time,1
2024-01-13,SunExpress,Amsterdam,25.5,1.8,Delayed,1
2024-01-13,Pegasus,Amsterdam,13.6,9.0,On Time,1
2024-01-13,SunExpress,Ankara,6.1,2.9,Delayed,1
2024-01-13,Pegasus,Trabzon,7.1,41.0,On Time,1
2024-01-13,SunExpress,Antalya,8.9,18.5,On Time,1
2024-01-13,AnadoluJet,Izmir,9.4,18.0,On Time,1
2024-01-14,SunExpress,Ankara,20.9,24.4,On Time,1
2024-01-14,AnadoluJet,London,10.8,0.0,On Time,1
2024-01-14,AnadoluJet,Berlin,21.0,32.8,On Time,1
2024-01-14,SunExpress,Trabzon,8.8,10.5,On Time,1
2024-01-14,AnadoluJet,Izmir,11.2,25.4,Cancelled,1
2024-01-14,Turkish Airlines,Amsterdam,0.0,0.0,On Time,1
2024-01-14,AnadoluJet,Izmir,23.7,0.0,Delayed,1
2024-01-14,Pegasus,Antalya,15.2,28.4,On Time,1
2024-01-14,SunExpress,Amsterdam,25.0,19.5,On Time,1
2024-01-14,Turkish Airlines,Antalya,0.0,0.0,On Time,1
2024-01-14,SunExpress,London,41.3,0.0,On Time,1
2024-01-14,Pegasus,Berlin,7.9,34.5,Delayed,1
2024-01-14,Pegasus,London,26.6,0.0,On Time,1
2024-01-14,Pegasus,Ankara,0.0,44.9,On Time,1
2024-01-14,AnadoluJet,Ankara,19.2,0.0,On Time,1
2024-01-14,AnadoluJet,London,0.0,24.8,On Time,1
2024-01-14,SunExpress,Berlin,0.6,5.4,On Time,1
2024-01-14,SunExpress,London,38.7,24.1,Delayed,1
2024-01-14,Turkish Airlines,Berlin,7.1,1.1,Delayed,1
2024-01-14,Turkish Airlines,Berlin,13.3,8.7,On Time,1
2024-01-14,SunExpress,Paris,23.1,12.8,On Time,1
2024-01-14,AnadoluJet,Amsterdam,17.4,0.0,On Time,1
2024-01-14,Pegasus,Trabzon,12.3,26.8,On Time,1
2024-01-14,SunExpress,Berlin,15.5,1.7,On Time,1
2024-01-15,Turkish Airlines,Antalya,46.1,7.4,On Time,1
2024-01-15,AnadoluJet,Berlin,9.1,0.0,On Time,1
2024-01-15,SunExpress,Berlin,13.0,0.0,On Time,1
2024-01-15,SunExpress,Berlin,25.8,8.2,On Time,1
2024-01-15,AnadoluJet,Paris,26.6,60.3,On Time,1
2024-01-15,SunExpress,Amsterdam,27.8,27.7,On Time,1
2024-01-15,AnadoluJet,Paris,19.6,11.6,On Time,1
2024-01-15,Pegasus,Ankara,0.0,6.7,Delayed,1
2024-01-15,AnadoluJet,Paris,34.5,12.4,On Time,1
2024-01-15,AnadoluJet,Antalya,0.0,22.9,On Time,1
2024-01-15,AnadoluJet,Antalya,14.5,0.0,On Time,1
2024-01-15,SunExpress,Paris,0.0,34.3,Delayed,1
2024-01-15,SunExpress,Amsterdam,9.0,26.3,On Time,1
2024-01-15,AnadoluJet,London,14.9,26.4,On Time,1
2024-01-15,SunExpress,Trabzon,14.8,20.8,On Time,1
2024-01-15,Turkish Airlines,Amsterdam,16.3,12.4,Delayed,1
2024-01-15,Turkish Airlines,Paris,34.2,25.5,Cancelled,1
2024-01-15,SunExpress,Berlin,16.8,23.8,On Time,1
2024-01-15,SunExpress,Izmir,6.3,4.9,Delayed,1
2024-01-15,AnadoluJet,Trabzon,24.5,0.5,Delayed,1
2024-01-15,Pegasus,Trabzon,27.8,14.0,Delayed,1
2024-01-15,SunExpress,Antalya,0.0,43.0,On Time,1
2024-01-15,Turkish Airlines,Trabzon,19.0,0.0,On Time,1
2024-01-15,AnadoluJet,Paris,20.5,0.0,On Time,1
2024-01-16,SunExpress,Berlin,5.5,15.3,Delayed,1
2024-01-16,Turkish Airlines,Berlin,30.6,13.0,On Time,1
2024-01-16,Turkish Airlines,Ankara,7.7,15.5,On Time,1
2024-01-16,Pegasus,Berlin,11.9,16.9,On Time,1
2024-01-16,AnadoluJet,Amsterdam,7.4,7.5,Delayed,1
2024-01-16,AnadoluJet,Berlin,10.2,41.8,Delayed,1
2024-01-16,Pegasus,Antalya,0.0,0.0,On Time,1
2024-01-16,Pegasus,Berlin,0.0,0.0,Delayed,1
2024-01-16,AnadoluJet,Ankara,33.9,9.9,On Time,1
2024-01-16,AnadoluJet,Izmir,0.0,0.0,Delayed,1
2024-01-16,SunExpress,Paris,0.0,8.5,On Time,1
2024-01-16,SunExpress,Antalya,0.0,45.2,On Time,1
2024-01-16,Pegasus,Amsterdam,0.4,12.4,Delayed,1
2024-01-16,SunExpress,Izmir,0.0,16.6,On Time,1
2024-01-16,Turkish Airlines,Antalya,34.6,0.0,Delayed,1
2024-01-16,SunExpress,London,25.1,0.0,On Time,1
2024-01-16,SunExpress,Trabzon,0.0,4.5,On Time,1
2024-01-16,Turkish Airlines,London,43.8,5.6,On Time,1
2024-01-16,Pegasus,Berlin,24.7,37.6,On Time,1
2024-01-16,Turkish Airlines,Izmir,5.1,23.2,On Time,1
2024-01-16,SunExpress,Berlin,0.0,0.0,On Time,1
2024-01-16,Pegasus,Trabzon,44.4,16.9,On Time,1
2024-01-16,SunExpress,Antalya,0.0,22.0,On Time,1
2024-01-16,Turkish Airlines,Trabzon,0.0,34.8,Cancelled,1
2024-01-17,Turkish Airlines,Ankara,25.3,43.6,Cancelled,1
2024-01-17,SunExpress,Trabzon,46.6,0.0,On Time,1
2024-01-17,AnadoluJet,Ankara,30.8,0.0,Delayed,1
2024-01-17,AnadoluJet,Trabzon,18.5,0.0,On Time,1
2024-01-17,Turkish Airlines,Paris,18.9,7.3,On Time,1
2024-01-17,Turkish Airlines,Ankara,22.8,21.3,Delayed,1
2024-01-17,AnadoluJet,Izmir,21.4,31.7,Delayed,1
2024-01-17,AnadoluJet,Berlin,14.2,10.5,On Time,1
2024-01-17,SunExpress,Amsterdam,11.6,5.6,Delayed,1
2024-01-17,SunExpress,Berlin,9.1,15.0,On Time,1
2024-01-17,AnadoluJet,London,0.0,0.0,Cancelled,1
2024-01-17,SunExpress,Berlin,5.8,53.8,On Time,1
2024-01-17,SunExpress,Antalya,0.0,0.0,On Time,1
2024-01-17,Pegasus,Paris,8.5,15.7,On Time,1
2024-01-17,SunExpress,Trabzon,0.0,52.5,On Time,1
2024-01-17,Turkish Airlines,London,0.0,12.1,On Time,1
2024-01-17,SunExpress,Antalya,12.7,8.2,Delayed,1
2024-01-17,SunExpress,Antalya,30.9,4.9,On Time,1
2024-01-17,AnadoluJet,Ankara,23.8,8.4,On Time,1
2024-01-17,Turkish Airlines,Berlin,0.0,39.5,On Time,1
2024-01-17,SunExpress,Izmir,0.0,0.0,On Time,1
2024-01-17,SunExpress,Amsterdam,24.1,42.7,On Time,1
2024-01-17,Pegasus,Izmir,0.0,0.0,On Time,1
2024-01-17,SunExpress,London,6.6,6.7,On Time,1
2024-01-18,SunExpress,Paris,18.3,3.4,On Time,1
2024-01-18,Pegasus,Izmir,0.0,23.8,On Time,1
2024-01-18,AnadoluJet,Trabzon,11.6,0.0,Delayed,1
2024-01-18,SunExpress,Izmir,0.0,21.2,Delayed,1
2024-01-18,Pegasus,London,1.0,52.5,On Time,1
2024-01-18,Turkish Airlines,Amsterdam,14.8,0.0,On Time,1
2024-01-18,AnadoluJet,Izmir,0.0,15.8,On Time,1
2024-01-18,Turkish Airlines,Trabzon,16.6,0.0,On Time,1
2024-01-18,Turkish Airlines,Ankara,9.7,20.5,On Time,1
2024-01-18,Pegasus,Paris,18.3,12.4,On Time,1
2024-01-18,SunExpress,London,13.4,0.0,On Time,1
2024-01-18,Pegasus,Ankara,30.5,21.8,On Time,1
2024-01-18,Pegasus,Ankara,11.9,48.1,On Time,1
2024-01-18,Pegasus,Ankara,3.6,8.2,Delayed,1
2024-01-18,Pegasus,Antalya,11.8,26.4,Cancelled,1
2024-01-18,AnadoluJet,Paris,18.1,0.0,On Time,1
2024-01-18,SunExpress,Amsterdam,10.7,0.0,On Time,1
2024-01-18,Turkish Airlines,Berlin,10.6,21.4,Delayed,1
2024-01-18,Turkish Airlines,Paris,0.0,41.7,Delayed,1
2024-01-18,SunExpress,Antalya,0.1,19.1,On Time,1
2024-01-18,Turkish Airlines,Berlin,0.0,5.7,On Time,1
2024-01-18,SunExpress,Paris,36.2,12.0,On Time,1
2024-01-18,Turkish Airlines,Ankara,0.0,0.0,On Time,1
2024-01-18,Pegasus,London,0.0,24.1,On Time,1
2024-01-19,Turkish Airlines,Berlin,0.0,29.6,On Time,1
2024-01-19,SunExpress,Trabzon,23.4,3.0,On Time,1
2024-01-19,SunExpress,Trabzon,5.6,2.6,On Time,1
2024-01-19,SunExpress,Izmir,28.7,17.3,Delayed,1
2024-01-19,SunExpress,Berlin,0.0,3.3,On Time,1
2024-01-19,SunExpress,London,14.2,10.7,On Time,1
2024-01-19,AnadoluJet,Amsterdam,0.0,54.0,On Time,1
2024-01-19,AnadoluJet,Antalya,42.2,7.1,On Time,1
2024-01-19,Turkish Airlines,Ankara,0.0,4.8,Cancelled,1
2024-01-19,SunExpress,Izmir,14.6,0.0,On Time,1
2024-01-19,Turkish Airlines,Trabzon,19.5,26.9,On Time,1
2024-01-19,SunExpress,Antalya,16.2,8.4,Delayed,1
2024-01-19,SunExpress,Antalya,7.2,0.0,On Time,1
2024-01-19,AnadoluJet,Ankara,8.1,38.4,Delayed,1
2024-01-19,AnadoluJet,Amsterdam,10.7,40.4,On Time,1
2024-01-19,Pegasus,Amsterdam,7.8,-0.0,On Time,1
2024-01-19,AnadoluJet,Berlin,24.5,0.0,On Time,1
2024-01-19,Pegasus,Trabzon,43.2,32.2,On Time,1
2024-01-19,Pegasus,Amsterdam,1.6,0.0,Delayed,1
2024-01-19,Pegasus,London,0.0,27.8,Delayed,1
2024-01-19,Pegasus,Amsterdam,8.7,0.0,On Time,1
2024-01-19,Pegasus,Antalya,48.7,29.9,On Time,1
2024-01-19,Turkish Airlines,Ankara,0.0,0.0,Delayed,1
2024-01-19,AnadoluJet,London,34.6,26.6,Delayed,1
2024-01-20,Pegasus,Berlin,35.2,12.3,On Time,1
2024-01-20,SunExpress,Trabzon,1.7,0.0,On Time,1
2024-01-20,AnadoluJet,Berlin,18.5,3.9,On Time,1
2024-01-20,AnadoluJet,Antalya,34.4,25.7,Delayed,1
2024-01-20,Pegasus,London,4.3,14.1,On Time,1
2024-01-20,Turkish Airlines,London,6.9,23.7,On Time,1
2024-01-20,Pegasus,London,1.3,51.5,Delayed,1
2024-01-20,Turkish Airlines,Antalya,0.0,0.0,On Time,1
2024-01-20,SunExpress,Antalya,0.3,44.3,On Time,1
2024-01-20,AnadoluJet,Berlin,0.0,14.1,On Time,1
2024-01-20,SunExpress,Izmir,10.5,0.0,On Time,1
2024-01-20,Turkish Airlines,Berlin,0.0,0.0,On Time,1
2024-01-20,Turkish Airlines,Trabzon,13.5,8.2,On Time,1
2024-01-20,SunExpress,Ankara,0.0,30.4,On Time,1
2024-01-20,Turkish Airlines,London,15.0,9.4,On Time,1
2024-01-20,SunExpress,Izmir,22.5,42.2,Delayed,1
2024-01-20,AnadoluJet,Ankara,0.0,0.0,Delayed,1
2024-01-20,SunExpress,Izmir,15.6,11.8,On Time,1
2024-01-20,AnadoluJet,Amsterdam,28.4,0.0,On Time,1
2024-01-20,SunExpress,Amsterdam,0.0,19.3,On Time,1
2024-01-20,Turkish Airlines,Paris,35.1,29.7,On Time,1
2024-01-20,SunExpress,Amsterdam,16.3,3.6,On Time,1
2024-01-20,Turkish Airlines,Berlin,0.0,0.0,On Time,1
2024-01-20,SunExpress,Amsterdam,9.2,16.0,On Time,1
2024-01-21,SunExpress,Antalya,18.4,20.7,On Time,1
2024-01-21,Pegasus,London,11.1,20.1,On Time,1
2024-01-21,Turkish Airlines,Berlin,18.1,36.7,On Time,1
2024-01-21,Pegasus,Ankara,0.0,0.0,On Time,1
2024-01-21,Turkish Airlines,Paris,12.5,25.6,On Time,1
2024-01-21,Pegasus,Paris,0.0,35.9,On Time,1
2024-01-21,AnadoluJet,Paris,8.3,0.0,Delayed,1
2024-01-21,SunExpress,Ankara,0.0,18.4,Delayed,1
2024-01-21,Turkish Airlines,Ankara,0.0,1.9,On Time,1
2024-01-21,Turkish Airlines,Ankara,28.5,10.4,On Time,1
2024-01-21,SunExpress,Ankara,26.4,19.0,On Time,1
2024-01-21,Turkish Airlines,Paris,19.1,2.3,On Time,1
2024-01-21,Turkish Airlines,Paris,0.0,0.0,On Time,1
2024-01-21,Pegasus,Izmir,5.3,12.7,Delayed,1
2024-01-21,Turkish Airlines,Berlin,28.2,0.0,On Time,1
2024-01-21,AnadoluJet,London,12.1,0.0,Delayed,1
2024-01-21,AnadoluJet,Amsterdam,44.8,25.6,On Time,1
2024-01-21,SunExpress,Amsterdam,15.9,0.0,On Time,1
2024-01-21,Turkish Airlines,Antalya,12.9,25.3,Delayed,1
2024-01-21,SunExpress,Paris,5.4,21.3,On Time,1
2024-01-21,AnadoluJet,Antalya,12.0,0.0,On Time,1
2024-01-21,Turkish Airlines,Berlin,7.7,0.0,On Time,1
2024-01-21,Turkish Airlines,Berlin,20.6,35.9,On Time,1
2024-01-21,SunExpress,Antalya,24.4,0.0,Cancelled,1
2024-01-22,AnadoluJet,Paris,0.0,2.7,On Time,1
2024-01-22,Turkish Airlines,Antalya,0.0,21.2,Cancelled,1
2024-01-22,SunExpress,Amsterdam,0.0,27.7,Cancelled,1
2024-01-22,AnadoluJet,Izmir,17.6,7.0,Delayed,1
2024-01-22,SunExpress,Amsterdam,0.0,0.0,On Time,1
2024-01-22,Pegasus,Trabzon,0.0,40.4,On Time,1
2024-01-22,Turkish Airlines,Paris,15.8,46.8,Delayed,1
2024-01-22,Pegasus,Paris,47.4,31.6,On Time,1
2024-01-22,AnadoluJet,London,9.9,13.7,On Time,1
2024-01-22,Pegasus,Ankara,22.6,0.0,On Time,1
2024-01-22,Pegasus,Trabzon,11.2,0.0,On Time,1
2024-01-22,AnadoluJet,Berlin,8.5,22.5,On Time,1
2024-01-22,SunExpress,Paris,23.8,20.4,On Time,1
2024-01-22,Pegasus,Antalya,5.6,40.0,On Time,1
2024-01-22,SunExpress,Trabzon,14.0,25.0,Delayed,1
2024-01-22,Pegasus,London,14.8,0.0,On Time,1
2024-01-22,SunExpress,Berlin,-0.0,33.0,Delayed,1
2024-01-22,AnadoluJet,Ankara,24.9,0.0,On Time,1
2024-01-22,Pegasus,Ankara,7.4,4.3,Delayed,1
2024-01-22,AnadoluJet,London,0.0,17.0,On Time,1
2024-01-22,Pegasus,London,18.0,51.9,Delayed,1
2024-01-22,AnadoluJet,Antalya,0.0,74.2,On Time,1
2024-01-22,AnadoluJet,Paris,10.4,24.1,Delayed,1
2024-01-22,Pegasus,Ankara,9.9,8.3,On Time,1
2024-01-23,Pegasus,Berlin,26.3,22.7,Delayed,1
2024-01-23,Pegasus,Trabzon,17.1,29.8,Cancelled,1
2024-01-23,Turkish Airlines,Berlin,9.6,5.6,On Time,1
2024-01-23,SunExpress,Izmir,22.3,47.9,On Time,1
2024-01-23,Turkish Airlines,Izmir,30.9,16.6,Delayed,1
2024-01-23,Turkish Airlines,London,18.4,22.0,On Time,1
2024-01-23,AnadoluJet,Antalya,10.2,25.3,Delayed,1
2024-01-23,Pegasus,Izmir,0.0,20.4,On Time,1
2024-01-23,SunExpress,Ankara,0.0,28.8,On Time,1
2024-01-23,AnadoluJet,Berlin,5.4,0.0,Cancelled,1
2024-01-23,Turkish Airlines,Berlin,0.9,0.8,On Time,1
2024-01-23,Pegasus,London,7.2,0.0,Delayed,1
2024-01-23,AnadoluJet,Paris,10.8,20.8,On Time,1
2024-01-23,Pegasus,Paris,17.9,27.6,On Time,1
2024-01-23,AnadoluJet,Trabzon,8.9,21.2,On Time,1
2024-01-23,Pegasus,London,17.3,45.5,On Time,1
2024-01-23,Turkish Airlines,Amsterdam,11.0,11.9,On Time,1
2024-01-23,SunExpress,Trabzon,0.0,25.4,On Time,1
2024-01-23,Turkish Airlines,Amsterdam,0.0,0.0,On Time,1
2024-01-23,SunExpress,Paris,7.8,4.3,On Time,1
2024-01-23,Pegasus,London,0.0,25.9,Delayed,1
2024-01-23,AnadoluJet,Amsterdam,19.0,29.0,On Time,1
2024-01-23,Turkish Airlines,London,33.0,6.1,On Time,1
2024-01-23,SunExpress,London,28.3,10.6,On Time,1
2024-01-24,Turkish Airlines,Paris,6.8,0.0,On Time,1
2024-01-24,SunExpress,Trabzon,32.4,4.9,Delayed,1
2024-01-24,Turkish Airlines,Trabzon,12.2,29.8,On Time,1
2024-01-24,SunExpress,London,4.9,23.5,On Time,1
2024-01-24,SunExpress,Izmir,0.8,22.0,On Time,1
2024-01-24,Pegasus,Antalya,5.5,13.0,On Time,1
2024-01-24,SunExpress,Paris,4.2,12.1,Delayed,1
2024-01-24,Pegasus,Antalya,12.6,0.0,On Time,1
2024-01-24,SunExpress,Antalya,12.4,26.0,Delayed,1
2024-01-24,AnadoluJet,Trabzon,10.0,20.4,On Time,1
2024-01-24,AnadoluJet,Trabzon,16.6,21.8,On Time,1
2024-01-24,AnadoluJet,Izmir,27.9,1.5,Delayed,1
2024-01-24,SunExpress,Antalya,24.2,0.0,On Time,1
2024-01-24,Pegasus,Antalya,0.0,33.9,On Time,1
2024-01-24,Pegasus,London,0.0,2.4,On Time,1
2024-01-24,SunExpress,Trabzon,24.0,0.0,On Time,1
2024-01-24,AnadoluJet,Antalya,0.0,25.9,On Time,1
2024-01-24,AnadoluJet,Berlin,6.6,4.2,On Time,1
2024-01-24,Pegasus,Izmir,0.0,33.2,On Time,1
2024-01-24,AnadoluJet,Amsterdam,0.0,24.3,On Time,1
2024-01-24,Turkish Airlines,Berlin,18.1,25.7,On Time,1
2024-01-24,Pegasus,Berlin,21.4,0.0,On Time,1
2024-01-24,AnadoluJet,Amsterdam,1.4,36.2,On Time,1
2024-01-24,Pegasus,Paris,0.0,17.2,On Time,1
2024-01-25,Turkish Airlines,Paris,1.8,4.6,Cancelled,1
2024-01-25,Pegasus,Izmir,15.9,14.9,On Time,1
2024-01-25,Pegasus,Berlin,0.0,0.0,Delayed,1
2024-01-25,Pegasus,Antalya,12.8,20.2,On Time,1
2024-01-25,Pegasus,Trabzon,9.8,0.0,On Time,1
2024-01-25,Turkish Airlines,Izmir,18.7,0.0,On Time,1
2024-01-25,SunExpress,London,11.8,0.0,On Time,1
2024-01-25,Pegasus,Amsterdam,0.0,34.3,On Time,1
2024-01-25,Pegasus,Berlin,27.9,0.0,On Time,1
2024-01-25,AnadoluJet,Izmir,7.6,42.7,On Time,1
2024-01-25,Pegasus,Ankara,9.6,1.3,Delayed,1
2024-01-25,AnadoluJet,Ankara,0.0,0.0,On Time,1
2024-01-25,SunExpress,Paris,3.4,0.0,On Time,1
2024-01-25,Turkish Airlines,Amsterdam,0.0,36.7,Delayed,1
2024-01-25,Turkish Airlines,Trabzon,7.4,8.9,On Time,1
2024-01-25,SunExpress,Antalya,35.7,1.0,On Time,1
2024-01-25,Turkish Airlines,Trabzon,0.0,15.2,On Time,1
2024-01-25,SunExpress,Trabzon,0.0,22.0,Delayed,1
2024-01-25,SunExpress,Trabzon,32.1,34.3,Delayed,1
2024-01-25,SunExpress,Amsterdam,6.9,41.0,On Time,1
2024-01-25,Turkish Airlines,Trabzon,-0.0,4.8,On Time,1
2024-01-25,AnadoluJet,London,25.6,0.0,Delayed,1
2024-01-25,SunExpress,Amsterdam,0.9,3.7,On Time,1
2024-01-25,Pegasus,London,37.4,17.2,On Time,1
2024-01-26,Turkish Airlines,Amsterdam,20.2,0.0,On Time,1
2024-01-26,SunExpress,Paris,2.7,0.0,On Time,1
2024-01-26,SunExpress,Izmir,42.4,18.9,On Time,1
2024-01-26,Pegasus,Ankara,0.9,11.0,On Time,1
2024-01-26,AnadoluJet,Trabzon,21.1,12.7,On Time,1
2024-01-26,AnadoluJet,Paris,14.5,0.0,On Time,1
2024-01-26,AnadoluJet,Izmir,29.5,7.4,Delayed,1
2024-01-26,SunExpress,Ankara,33.4,0.0,On Time,1
2024-01-26,SunExpress,Berlin,10.5,29.8,On Time,1
2024-01-26,SunExpress,Antalya,0.0,32.7,On Time,1
2024-01-26,Turkish Airlines,London,16.9,0.0,On Time,1
2024-01-26,Pegasus,Berlin,0.0,0.0,On Time,1
2024-01-26,SunExpress,Amsterdam,40.2,0.0,On Time,1
2024-01-26,Pegasus,Ankara,12.0,0.0,Delayed,1
2024-01-26,Pegasus,Berlin,4.5,10.3,Delayed,1
2024-01-26,AnadoluJet,Antalya,12.8,0.0,On Time,1
2024-01-26,Turkish Airlines,Paris,0.0,0.0,On Time,1
2024-01-26,SunExpress,Ankara,0.0,0.0,On Time,1
2024-01-26,AnadoluJet,Berlin,28.0,16.1,Delayed,1
2024-01-26,AnadoluJet,London,0.1,13.4,Delayed,1
2024-01-26,SunExpress,London,0.0,0.0,On Time,1
2024-01-26,Pegasus,Izmir,18.0,15.5,On Time,1
2024-01-26,AnadoluJet,Berlin,27.8,1.1,Delayed,1
2024-01-26,Pegasus,Trabzon,20.8,6.6,On Time,1
2024-01-27,Turkish Airlines,Berlin,24.9,45.5,On Time,1
2024-01-27,Pegasus,Paris,0.0,38.8,On Time,1
2024-01-27,Turkish Airlines,Ankara,0.0,0.0,On Time,1
2024-01-27,Pegasus,Ankara,32.5,28.6,Delayed,1
2024-01-27,AnadoluJet,Paris,5.2,28.2,Cancelled,1
2024-01-27,AnadoluJet,Berlin,6.2,0.0,On Time,1
2024-01-27,Turkish Airlines,Paris,29.9,28.4,On Time,1
2024-01-27,SunExpress,Antalya,18.3,42.8,On Time,1
2024-01-27,Turkish Airlines,Amsterdam,16.8,0.0,On Time,1
2024-01-27,Turkish Airlines,Paris,42.5,0.0,On Time,1
2024-01-27,Pegasus,London,0.3,32.4,On Time,1
2024-01-27,Pegasus,Paris,23.9,17.4,On Time,1
2024-01-27,Turkish Airlines,Ankara,10.9,23.0,On Time,1
2024-01-27,AnadoluJet,London,14.0,18.8,On Time,1
2024-01-27,Pegasus,Ankara,32.9,19.8,On Time,1
2024-01-27,SunExpress,Izmir,17.6,0.0,On Time,1
2024-01-27,Pegasus,Trabzon,18.1,32.9,On Time,1
2024-01-27,Pegasus,Ankara,26.1,35.4,Cancelled,1
2024-01-27,SunExpress,London,4.5,7.4,On Time,1
2024-01-27,Turkish Airlines,Izmir,0.0,11.1,On Time,1
2024-01-27,SunExpress,Ankara,0.0,0.0,Delayed,1
2024-01-27,Turkish Airlines,Antalya,0.0,22.3,Cancelled,1
2024-01-27,Turkish Airlines,Paris,40.8,23.4,On Time,1
2024-01-27,Turkish Airlines,Trabzon,0.0,10.8,Delayed,1
2024-01-28,SunExpress,Ankara,6.7,34.5,On Time,1
2024-01-28,Turkish Airlines,Izmir,5.8,5.3,On Time,1
2024-01-28,AnadoluJet,Antalya,14.6,23.3,On Time,1
2024-01-28,SunExpress,Berlin,22.2,0.0,On Time,1
2024-01-28,AnadoluJet,Izmir,22.9,11.5,On Time,1
2024-01-28,Turkish Airlines,Paris,1.3,8.5,On Time,1
2024-01-28,Pegasus,Izmir,7.5,16.5,On Time,1
2024-01-28,Turkish Airlines,Antalya,14.2,4.6,On Time,1
2024-01-28,AnadoluJet,Izmir,6.3,9.4,On Time,1
2024-01-28,AnadoluJet,Antalya,34.1,28.5,On Time,1
2024-01-28,SunExpress,Ankara,17.4,3.3,On Time,1
2024-01-28,Pegasus,Amsterdam,21.0,0.0,Delayed,1
2024-01-28,SunExpress,Antalya,19.9,47.0,Delayed,1
2024-01-28,AnadoluJet,Antalya,27.6,39.6,Delayed,1
2024-01-28,Turkish Airlines,Trabzon,12.7,0.0,On Time,1
2024-01-28,Pegasus,Antalya,0.0,25.8,Delayed,1
2024-01-28,Turkish Airlines,Antalya,16.0,1.9,On Time,1
2024-01-28,Turkish Airlines,Berlin,0.2,17.3,On Time,1
2024-01-28,Pegasus,Amsterdam,2.1,17.9,On Time,1
2024-01-28,SunExpress,Ankara,18.8,7.3,On Time,1
2024-01-28,Turkish Airlines,Paris,28.6,0.0,On Time,1
2024-01-28,AnadoluJet,Trabzon,10.3,0.0,On Time,1
2024-01-28,Turkish Airlines,Berlin,14.6,0.0,Delayed,1
2024-01-28,Pegasus,London,35.5,0.0,On Time,1
2024-01-29,Pegasus,Amsterdam,13.6,10.7,On Time,1
2024-01-29,Pegasus,Ankara,49.0,0.0,Cancelled,1
2024-01-29,SunExpress,Ankara,18.5,25.6,On Time,1
2024-01-29,Turkish Airlines,London,0.0,41.7,On Time,1
2024-01-29,SunExpress,Paris,21.3,0.4,On Time,1
2024-01-29,SunExpress,Antalya,15.7,16.8,On Time,1
2024-01-29,Pegasus,Berlin,29.3,22.0,On Time,1
2024-01-29,Pegasus,Izmir,20.1,21.4,On Time,1
2024-01-29,SunExpress,Trabzon,7.9,13.5,On Time,1
2024-01-29,Turkish Airlines,Izmir,0.0,26.9,On Time,1
2024-01-29,AnadoluJet,London,6.9,21.6,On Time,1
2024-01-29,SunExpress,Ankara,0.0,0.0,On Time,1
2024-01-29,Turkish Airlines,Paris,1.3,29.4,On Time,1
2024-01-29,Pegasus,Ankara,18.8,29.7,Delayed,1
2024-01-29,Pegasus,Trabzon,35.0,0.0,On Time,1
2024-01-29,Turkish Airlines,Ankara,15.9,12.8,On Time,1
2024-01-29,AnadoluJet,Ankara,0.0,25.7,On Time,1
2024-01-29,Pegasus,Trabzon,16.7,7.8,On Time,1
2024-01-29,Pegasus,Berlin,27.9,33.5,On Time,1
2024-01-29,Pegasus,Berlin,0.9,59.3,On Time,1
2024-01-29,Turkish Airlines,Trabzon,8.0,0.0,Delayed,1
2024-01-29,SunExpress,Paris,10.2,0.0,Delayed,1
2024-01-29,Pegasus,London,0.0,18.1,On Time,1
2024-01-29,SunExpress,Amsterdam,19.7,26.4,Delayed,1
2024-01-30,AnadoluJet,Ankara,8.2,7.4,On Time,1
2024-01-30,Pegasus,Paris,16.3,41.1,On Time,1
2024-01-30,Pegasus,Ankara,0.0,0.0,On Time,1
2024-01-30,AnadoluJet,Amsterdam,3.4,25.9,On Time,1
2024-01-30,Pegasus,London,20.8,0.0,Delayed,1
2024-01-30,SunExpress,Berlin,4.4,46.4,On Time,1
2024-01-30,Turkish Airlines,Paris,35.9,51.9,On Time,1
2024-01-30,SunExpress,Antalya,4.0,0.0,Delayed,1
2024-01-30,Turkish Airlines,Antalya,13.4,1.0,On Time,1
2024-01-30,Turkish Airlines,Amsterdam,24.0,29.2,On Time,1
2024-01-30,SunExpress,Antalya,0.0,4.3,On Time,1
2024-01-30,SunExpress,Berlin,0.0,11.1,Delayed,1
2024-01-30,SunExpress,Amsterdam,0.0,12.5,Delayed,1
2024-01-30,SunExpress,Berlin,28.9,0.0,On Time,1
2024-01-30,AnadoluJet,London,1.7,11.7,On Time,1
2024-01-30,Pegasus,Ankara,48.4,0.0,On Time,1
2024-01-30,Turkish Airlines,London,1.5,2.1,Delayed,1
2024-01-30,SunExpress,London,12.8,40.9,On Time,1
2024-01-30,SunExpress,Berlin,33.1,0.0,On Time,1
2024-01-30,SunExpress,Amsterdam,40.1,28.3,Delayed,1
2024-01-30,AnadoluJet,Amsterdam,40.9,6.4,On Time,1
2024-01-30,SunExpress,Antalya,28.1,6.4,On Time,1
2024-01-30,SunExpress,Izmir,25.4,27.8,On Time,1
2024-01-30,SunExpress,Ankara,18.9,18.8,Cancelled,1
2024-01-31,Pegasus,Berlin,21.7,23.4,On Time,1
2024-01-31,AnadoluJet,Antalya,1.7,31.4,On Time,1
2024-01-31,SunExpress,Paris,0.0,5.4,On Time,1
2024-01-31,Turkish Airlines,Izmir,9.9,0.0,On Time,1
2024-01-31,Turkish Airlines,Izmir,7.4,0.0,On Time,1
2024-01-31,Turkish Airlines,Berlin,3.2,0.0,On Time,1
2024-01-31,AnadoluJet,Trabzon,20.4,71.0,Cancelled,1
2024-01-31,AnadoluJet,Ankara,24.3,36.9,On Time,1
2024-01-31,Turkish Airlines,Izmir,11.3,0.0,On Time,1
2024-01-31,SunExpress,Berlin,32.2,0.0,On Time,1
2024-01-31,AnadoluJet,Berlin,0.0,21.6,On Time,1
2024-01-31,Turkish Airlines,Antalya,7.1,22.9,Delayed,1
2024-01-31,Turkish Airlines,Paris,0.0,23.0,On Time,1
2024-01-31,SunExpress,Trabzon,0.0,6.9,On Time,1
2024-01-31,Pegasus,Ankara,8.8,9.5,On Time,1
2024-01-31,AnadoluJet,Amsterdam,8.2,18.6,On Time,1
2024-01-31,SunExpress,London,32.7,13.7,On Time,1
2024-01-31,Turkish Airlines,Paris,19.5,0.0,On Time,1
2024-01-31,Turkish Airlines,Paris,0.0,7.4,Delayed,1
2024-01-31,SunExpress,Antalya,37.8,0.0,Delayed,1
2024-01-31,AnadoluJet,Amsterdam,28.3,15.5,On Time,1
2024-01-31,Pegasus,Izmir,18.7,71.7,Cancelled,1
2024-01-31,Pegasus,Izmir,6.6,19.3,On Time,1
2024-01-31,Turkish Airlines,Antalya,0.0,5.7,On Time,1
2024-02-01,AnadoluJet,Berlin,4.4,30.4,On Time,2
2024-02-01,Pegasus,Izmir,26.3,21.7,On Time,2
2024-02-01,AnadoluJet,Trabzon,38.3,20.4,On Time,2
2024-02-01,AnadoluJet,Ankara,33.1,24.1,On Time,2
2024-02-01,Turkish Airlines,Paris,2.7,53.1,On Time,2
2024-02-01,Pegasus,Paris,0.0,0.0,On Time,2
2024-02-01,SunExpress,Trabzon,12.1,21.5,On Time,2
2024-02-01,Turkish Airlines,Amsterdam,0.0,0.0,Delayed,2
2024-02-01,Pegasus,Izmir,14.8,23.1,On Time,2
2024-02-01,Pegasus,Paris,7.8,0.0,On Time,2
2024-02-01,Pegasus,London,3.0,3.7,On Time,2
2024-02-01,Pegasus,Amsterdam,0.0,6.1,On Time,2
2024-02-01,Pegasus,Ankara,17.7,31.5,Delayed,2
2024-02-01,AnadoluJet,Ankara,2.0,30.4,On Time,2
2024-02-01,Turkish Airlines,Paris,0.0,0.0,On Time,2
2024-02-01,AnadoluJet,Antalya,0.0,13.1,Delayed,2
2024-02-01,SunExpress,Amsterdam,9.6,0.0,On Time,2
2024-02-01,Pegasus,Paris,36.6,0.0,On Time,2
2024-02-01,Turkish Airlines,Antalya,34.9,7.7,On Time,2
2024-02-01,Pegasus,Paris,3.1,5.8,Delayed,2
2024-02-01,Turkish Airlines,London,1.0,60.5,On Time,2
2024-02-01,AnadoluJet,Amsterdam,17.0,20.7,On Time,2
2024-02-01,Turkish Airlines,Berlin,0.0,0.0,On Time,2
2024-02-01,SunExpress,Ankara,14.5,0.7,On Time,2
2024-02-02,SunExpress,Paris,21.5,32.4,On Time,2
2024-02-02,Turkish Airlines,London,28.4,53.8,On Time,2
2024-02-02,Turkish Airlines,Antalya,8.5,0.0,On Time,2
2024-02-02,Turkish Airlines,Antalya,6.9,0.0,Delayed,2
2024-02-02,Turkish Airlines,Ankara,0.0,49.4,Delayed,2
2024-02-02,SunExpress,Trabzon,0.0,19.8,On Time,2
2024-02-02,Pegasus,Paris,6.6,0.0,Delayed,2
2024-02-02,Turkish Airlines,Amsterdam,15.5,22.7,On Time,2
2024-02-02,Turkish Airlines,Izmir,23.7,0.0,On Time,2
2024-02-02,SunExpress,Antalya,0.0,12.1,On Time,2
2024-02-02,SunExpress,Amsterdam,32.4,18.6,Delayed,2
2024-02-02,AnadoluJet,Amsterdam,5.9,30.5,Delayed,2
2024-02-02,Turkish Airlines,Berlin,9.7,0.0,On Time,2
2024-02-02,AnadoluJet,Amsterdam,0.0,13.7,Delayed,2
2024-02-02,SunExpress,Amsterdam,0.0,0.0,On Time,2
2024-02-02,SunExpress,Berlin,23.3,17.1,Delayed,2
2024-02-02,Pegasus,Antalya,21.1,0.0,Cancelled,2
2024-02-02,Turkish Airlines,Amsterdam,5.8,3.8,On Time,2
2024-02-02,AnadoluJet,Trabzon,11.0,0.0,Delayed,2
2024-02-02,SunExpress,Trabzon,17.7,25.0,On Time,2
2024-02-02,SunExpress,London,0.0,29.2,On Time,2
2024-02-02,AnadoluJet,Berlin,2.1,7.3,On Time,2
2024-02-02,Pegasus,London,21.9,12.8,On Time,2
2024-02-02,SunExpress,Berlin,0.0,0.0,Delayed,2
2024-02-03,Turkish Airlines,Paris,14.4,6.0,On Time,2
2024-02-03,SunExpress,Paris,0.0,11.0,On Time,2
2024-02-03,Turkish Airlines,Amsterdam,17.0,64.4,Delayed,2
2024-02-03,AnadoluJet,Izmir,9.5,0.0,Cancelled,2
2024-02-03,Turkish Airlines,Paris,0.0,41.3,On Time,2
2024-02-03,AnadoluJet,Izmir,27.5,31.9,Cancelled,2
2024-02-03,Turkish Airlines,Paris,0.0,17.6,On Time,2
2024-02-03,AnadoluJet,Ankara,0.0,47.2,Delayed,2
2024-02-03,Turkish Airlines,Paris,13.0,19.4,On Time,2
2024-02-03,Pegasus,London,27.2,19.8,On Time,2
2024-02-03,Turkish Airlines,Antalya,0.0,10.9,On Time,2
2024-02-03,Turkish Airlines,Amsterdam,10.9,36.5,On Time,2
2024-02-03,Pegasus,London,16.4,33.9,On Time,2
2024-02-03,SunExpress,Antalya,20.4,0.0,On Time,2
2024-02-03,SunExpress,Trabzon,12.6,0.0,On Time,2
2024-02-03,Turkish Airlines,London,4.5,7.9,Delayed,2
2024-02-03,Pegasus,Trabzon,0.0,0.0,On Time,2
2024-02-03,Turkish Airlines,Izmir,11.3,10.7,On Time,2
2024-02-03,AnadoluJet,Izmir,0.0,36.7,On Time,2
2024-02-03,AnadoluJet,Ankara,0.0,2.9,On Time,2
2024-02-03,Turkish Airlines,Paris,16.5,11.1,Delayed,2
2024-02-03,SunExpress,London,23.6,13.2,Delayed,2
2024-02-03,SunExpress,Trabzon,0.0,29.0,On Time,2
2024-02-03,Turkish Airlines,Antalya,0.0,0.0,On Time,2
2024-02-04,Turkish Airlines,Izmir,19.3,0.0,Delayed,2
2024-02-04,AnadoluJet,Paris,40.9,16.2,On Time,2
2024-02-04,SunExpress,Izmir,10.3,36.0,Delayed,2
2024-02-04,Turkish Airlines,Antalya,0.0,2.2,On Time,2
2024-02-04,AnadoluJet,Paris,7.3,0.0,Delayed,2
2024-02-04,SunExpress,Paris,30.6,24.4,On Time,2
2024-02-04,Pegasus,Trabzon,0.3,0.0,On Time,2
2024-02-04,AnadoluJet,Trabzon,0.0,0.0,Cancelled,2
2024-02-04,SunExpress,London,2.8,0.0,On Time,2
2024-02-04,SunExpress,London,0.0,8.3,On Time,2
2024-02-04,AnadoluJet,Berlin,11.8,0.0,On Time,2
2024-02-04,Pegasus,Amsterdam,34.4,0.0,On Time,2
2024-02-04,AnadoluJet,Berlin,14.8,29.9,On Time,2
2024-02-04,SunExpress,Ankara,6.2,37.5,On Time,2
2024-02-04,Turkish Airlines,Izmir,5.6,25.0,On Time,2
2024-02-04,Turkish Airlines,London,0.0,0.0,On Time,2
2024-02-04,AnadoluJet,Trabzon,23.2,8.0,Delayed,2
2024-02-04,SunExpress,Antalya,8.8,11.9,On Time,2
2024-02-04,Turkish Airlines,Trabzon,7.3,24.0,On Time,2
2024-02-04,SunExpress,Izmir,57.9,25.4,On Time,2
2024-02-04,AnadoluJet,Berlin,14.5,0.0,On Time,2
2024-02-04,Turkish Airlines,Trabzon,0.0,13.6,On Time,2
2024-02-04,SunExpress,Amsterdam,3.6,21.1,On Time,2
2024-02-04,Turkish Airlines,Ankara,27.2,41.1,On Time,2
2024-02-05,AnadoluJet,Izmir,11.7,26.1,On Time,2
2024-02-05,SunExpress,Berlin,0.0,27.8,On Time,2
2024-02-05,Turkish Airlines,Amsterdam,23.8,13.7,On Time,2
2024-02-05,AnadoluJet,Antalya,-0.0,40.2,On Time,2
2024-02-05,Turkish Airlines,Berlin,38.1,20.2,On Time,2
2024-02-05,Turkish Airlines,Paris,26.2,0.0,On Time,2
2024-02-05,Pegasus,Amsterdam,3.3,40.1,On Time,2
2024-02-05,Pegasus,Amsterdam,29.2,26.0,Delayed,2
2024-02-05,AnadoluJet,Ankara,11.0,3.1,On Time,2
2024-02-05,Pegasus,Izmir,22.8,2.4,On Time,2
2024-02-05,AnadoluJet,Antalya,17.3,17.9,On Time,2
2024-02-05,Pegasus,Ankara,0.0,21.3,On Time,2
2024-02-05,Turkish Airlines,Berlin,0.3,15.9,On Time,2
2024-02-05,AnadoluJet,Ankara,25.4,18.2,On Time,2
2024-02-05,AnadoluJet,Amsterdam,5.0,46.0,Delayed,2
2024-02-05,Turkish Airlines,Izmir,3.9,33.4,On Time,2
2024-02-05,AnadoluJet,London,0.0,15.8,Cancelled,2
2024-02-05,AnadoluJet,Ankara,16.4,30.8,On Time,2
2024-02-05,Pegasus,Paris,40.9,0.0,On Time,2
2024-02-05,AnadoluJet,Ankara,0.0,20.0,On Time,2
2024-02-05,SunExpress,Berlin,10.4,48.2,On Time,2
2024-02-05,Turkish Airlines,Berlin,31.2,7.6,On Time,2
2024-02-05,Pegasus,Antalya,8.8,0.0,On Time,2
2024-02-05,Pegasus,Berlin,16.8,0.0,On Time,2
2024-02-06,SunExpress,Trabzon,0.0,0.0,Delayed,2
2024-02-06,Turkish Airlines,Izmir,16.4,0.0,Delayed,2
2024-02-06,Turkish Airlines,Izmir,7.2,4.6,On Time,2
2024-02-06,Pegasus,London,24.8,0.0,On Time,2
2024-02-06,AnadoluJet,London,27.8,12.3,On Time,2
2024-02-06,Pegasus,Izmir,48.8,30.0,On Time,2
2024-02-06,Turkish Airlines,Paris,18.7,0.0,On Time,2
2024-02-06,SunExpress,London,14.9,42.4,On Time,2
2024-02-06,Pegasus,Antalya,12.9,22.2,On Time,2
2024-02-06,Turkish Airlines,Berlin,4.7,32.6,On Time,2
2024-02-06,Pegasus,Izmir,15.1,0.0,Cancelled,2
2024-02-06,AnadoluJet,Amsterdam,5.6,29.1,On Time,2
2024-02-06,Pegasus,London,12.5,0.0,Delayed,2
2024-02-06,Pegasus,Izmir,29.8,29.8,On Time,2
2024-02-06,Turkish Airlines,Trabzon,0.0,15.4,On Time,2
2024-02-06,Turkish Airlines,Ankara,27.1,23.1,On Time,2
2024-02-06,Turkish Airlines,Berlin,29.8,0.0,On Time,2
2024-02-06,Pegasus,Izmir,8.2,0.0,On Time,2
2024-02-06,AnadoluJet,Ankara,0.0,23.9,On Time,2
2024-02-06,SunExpress,London,0.9,0.0,On Time,2
2024-02-06,SunExpress,Ankara,29.5,21.3,On Time,2
2024-02-06,Turkish Airlines,Berlin,9.7,0.0,On Time,2
2024-02-06,Turkish Airlines,Izmir,0.0,29.0,On Time,2
2024-02-06,Pegasus,Trabzon,2.4,0.0,On Time,2
2024-02-07,SunExpress,Paris,22.6,23.0,On Time,2
2024-02-07,Turkish Airlines,London,18.2,24.5,On Time,2
2024-02-07,AnadoluJet,Izmir,6.4,0.0,On Time,2
2024-02-07,AnadoluJet,Berlin,4.5,23.6,Cancelled,2
2024-02-07,Turkish Airlines,London,4.1,17.2,On Time,2
2024-02-07,Turkish Airlines,Antalya,0.0,1.2,Delayed,2
2024-02-07,SunExpress,Ankara,34.2,0.0,On Time,2
2024-02-07,SunExpress,Paris,5.2,0.0,On Time,2
2024-02-07,Pegasus,Berlin,28.3,19.0,On Time,2
2024-02-07,SunExpress,Antalya,32.8,0.0,On Time,2
2024-02-07,AnadoluJet,Amsterdam,25.0,13.9,On Time,2
2024-02-07,AnadoluJet,Izmir,3.5,6.7,Delayed,2
2024-02-07,Turkish Airlines,Trabzon,16.1,25.6,On Time,2
2024-02-07,SunExpress,London,9.6,6.0,On Time,2
2024-02-07,Pegasus,Ankara,0.0,5.4,On Time,2
2024-02-07,AnadoluJet,London,14.9,26.6,Delayed,2
2024-02-07,AnadoluJet,Paris,0.0,18.7,On Time,2
2024-02-07,Pegasus,Izmir,27.8,18.3,On Time,2
2024-02-07,Pegasus,London,3.0,21.4,On Time,2
2024-02-07,AnadoluJet,Ankara,13.0,0.0,Delayed,2
2024-02-07,AnadoluJet,Izmir,14.2,27.1,Cancelled,2
2024-02-07,Pegasus,London,6.1,24.2,On Time,2
2024-02-07,AnadoluJet,Trabzon,18.8,0.0,Delayed,2
2024-02-07,Turkish Airlines,Berlin,2.9,7.1,Delayed,2
2024-02-08,Turkish Airlines,Izmir,23.1,11.2,On Time,2
2024-02-08,Pegasus,Berlin,0.0,9.3,On Time,2
2024-02-08,SunExpress,Amsterdam,11.9,18.7,On Time,2
2024-02-08,Pegasus,Izmir,39.1,40.6,Cancelled,2
2024-02-08,Pegasus,Trabzon,0.0,33.6,On Time,2
2024-02-08,SunExpress,Berlin,0.0,0.0,Delayed,2
2024-02-08,SunExpress,Antalya,17.7,24.4,On Time,2
2024-02-08,SunExpress,Ankara,12.7,38.6,Delayed,2
2024-02-08,Turkish Airlines,Antalya,15.3,19.7,On Time,2
2024-02-08,AnadoluJet,London,17.3,33.8,On Time,2
2024-02-08,Turkish Airlines,Trabzon,19.5,52.2,Delayed,2
2024-02-08,AnadoluJet,Antalya,26.6,32.5,Delayed,2
2024-02-08,Turkish Airlines,Izmir,16.1,17.0,Delayed,2
2024-02-08,AnadoluJet,London,6.4,32.9,On Time,2
2024-02-08,Turkish Airlines,London,20.1,14.9,On Time,2
2024-02-08,SunExpress,Antalya,38.5,12.5,On Time,2
2024-02-08,Pegasus,Amsterdam,8.0,5.0,On Time,2
2024-02-08,Turkish Airlines,Antalya,0.0,43.3,On Time,2
2024-02-08,AnadoluJet,Amsterdam,26.6,0.0,On Time,2
2024-02-08,SunExpress,Trabzon,8.2,42.6,On Time,2
2024-02-08,Turkish Airlines,Ankara,0.0,22.0,Cancelled,2
2024-02-08,Turkish Airlines,Antalya,22.7,0.0,On Time,2
2024-02-08,SunExpress,Paris,2.0,19.4,On Time,2
2024-02-08,Turkish Airlines,Amsterdam,8.6,0.0,On Time,2
2024-02-09,Pegasus,Antalya,15.0,24.5,On Time,2
2024-02-09,Turkish Airlines,Berlin,12.9,29.7,On Time,2
2024-02-09,Pegasus,Izmir,20.6,0.2,Delayed,2
2024-02-09,Pegasus,Paris,3.5,14.5,Delayed,2
2024-02-09,SunExpress,Paris,17.7,51.1,Delayed,2
2024-02-09,Turkish Airlines,Amsterdam,6.1,1.9,Cancelled,2
2024-02-09,SunExpress,Berlin,21.1,0.0,On Time,2
2024-02-09,Turkish Airlines,Berlin,19.2,41.6,On Time,2
2024-02-09,Turkish Airlines,London,0.0,51.3,On Time,2
2024-02-09,AnadoluJet,Amsterdam,26.3,12.1,On Time,2
2024-02-09,Turkish Airlines,Ankara,2.0,32.2,On Time,2
2024-02-09,SunExpress,Izmir,22.1,38.8,On Time,2
2024-02-09,Pegasus,Trabzon,15.5,0.0,On Time,2
2024-02-09,Turkish Airlines,Paris,37.6,2.3,On Time,2
2024-02-09,AnadoluJet,Trabzon,6.6,36.6,On Time,2
2024-02-09,SunExpress,Antalya,4.8,45.7,On Time,2
2024-02-09,Turkish Airlines,Antalya,9.7,23.3,On Time,2
2024-02-09,SunExpress,Trabzon,5.5,0.0,On Time,2
2024-02-09,AnadoluJet,Antalya,22.0,51.7,On Time,2
2024-02-09,AnadoluJet,Ankara,0.0,1.4,Delayed,2
2024-02-09,SunExpress,Berlin,0.0,5.3,On Time,2
2024-02-09,Turkish Airlines,Antalya,0.0,18.8,On Time,2
2024-02-09,Pegasus,London,24.3,43.1,Delayed,2
2024-02-09,AnadoluJet,Antalya,35.7,29.1,On Time,2
2024-02-10,Turkish Airlines,Izmir,8.4,20.3,On Time,2
2024-02-10,Turkish Airlines,Ankara,7.5,21.3,On Time,2
2024-02-10,Pegasus,Izmir,11.1,12.9,On Time,2
2024-02-10,AnadoluJet,Izmir,27.4,23.2,Delayed,2
2024-02-10,AnadoluJet,London,0.0,0.0,Delayed,2
2024-02-10,Turkish Airlines,Ankara,13.6,6.1,On Time,2
2024-02-10,Turkish Airlines,Ankara,24.6,16.8,On Time,2
2024-02-10,Pegasus,Amsterdam,17.5,0.0,On Time,2
2024-02-10,Pegasus,Ankara,12.8,19.7,On Time,2
2024-02-10,AnadoluJet,Ankara,25.0,7.9,On Time,2
2024-02-10,SunExpress,Ankara,0.0,47.1,On Time,2
2024-02-10,AnadoluJet,London,20.2,43.5,On Time,2
2024-02-10,Turkish Airlines,Antalya,0.2,2.7,On Time,2
2024-02-10,AnadoluJet,Amsterdam,0.0,9.0,On Time,2
2024-02-10,SunExpress,Izmir,17.7,10.5,On Time,2
2024-02-10,Pegasus,Ankara,30.6,3.0,On Time,2
2024-02-10,SunExpress,Paris,7.9,15.9,Delayed,2
2024-02-10,SunExpress,Antalya,24.3,0.0,On Time,2
2024-02-10,SunExpress,Antalya,34.2,0.0,On Time,2
2024-02-10,Pegasus,Izmir,29.7,24.5,Delayed,2
2024-02-10,SunExpress,London,34.6,24.6,On Time,2
2024-02-10,SunExpress,Trabzon,21.1,0.0,On Time,2
2024-02-10,SunExpress,Trabzon,11.1,29.9,On Time,2
2024-02-10,Turkish Airlines,Antalya,0.0,0.0,On Time,2
2024-02-11,SunExpress,Berlin,6.3,17.1,On Time,2
2024-02-11,Pegasus,Berlin,0.0,28.4,On Time,2
2024-02-11,SunExpress,Izmir,42.6,11.3,On Time,2
2024-02-11,SunExpress,Trabzon,7.4,21.1,Delayed,2
2024-02-11,Pegasus,Antalya,11.8,1.7,On Time,2
2024-02-11,SunExpress,London,18.3,8.1,On Time,2
2024-02-11,Pegasus,Trabzon,10.7,7.9,Delayed,2
2024-02-11,SunExpress,Antalya,35.4,0.0,On Time,2
2024-02-11,Pegasus,Antalya,0.7,8.5,Delayed,2
2024-02-11,SunExpress,Ankara,12.9,0.0,On Time,2
2024-02-11,SunExpress,London,0.0,2.2,Delayed,2
2024-02-11,Turkish Airlines,Ankara,0.0,6.3,On Time,2
2024-02-11,Turkish Airlines,Izmir,0.8,6.9,Delayed,2
2024-02-11,SunExpress,Ankara,9.4,7.2,Delayed,2
2024-02-11,SunExpress,Paris,3.6,10.8,On Time,2
2024-02-11,AnadoluJet,Ankara,0.0,21.6,On Time,2
